{
    "textures": {
        "0": "knolth:blocks/white",
        "1": "knolth:blocks/black",
        "2": "knolth:blocks/mirror",
        "3": "knolth:blocks/gray"
    },
    "elements": [
        {
            "name": "Cube",
            "from": [ 2.0, 0.0, 2.0 ], 
            "to": [ 14.0, 1.0, 14.0 ], 
            "faces": {
                "north": { "texture": "#0", "uv": [ 0.0, 0.0, 12.0, 1.0 ] },
                "east": { "texture": "#0", "uv": [ 0.0, 0.0, 12.0, 1.0 ] },
                "south": { "texture": "#0", "uv": [ 0.0, 0.0, 12.0, 1.0 ] },
                "west": { "texture": "#0", "uv": [ 0.0, 0.0, 12.0, 1.0 ] },
                "up": { "texture": "#0", "uv": [ 0.0, 0.0, 12.0, 12.0 ] },
                "down": { "texture": "#0", "uv": [ 0.0, 0.0, 12.0, 12.0 ] }
            }
        },
        {
            "name": "Cube",
            "from": [ 6.0, 1.0, 8.0 ], 
            "to": [ 10.0, 2.0, 12.0 ], 
            "rotation": { "origin": [ 8.0, 8.0, 8.0 ], "axis": "x", "angle": 22.5 },
            "faces": {
                "north": { "texture": "#1", "uv": [ 0.0, 0.0, 4.0, 1.0 ] },
                "east": { "texture": "#1", "uv": [ 0.0, 0.0, 4.0, 1.0 ] },
                "south": { "texture": "#1", "uv": [ 0.0, 0.0, 4.0, 1.0 ] },
                "west": { "texture": "#1", "uv": [ 0.0, 0.0, 4.0, 1.0 ] },
                "up": { "texture": "#2", "uv": [ 0.0, 0.0, 4.0, 4.0 ] },
                "down": { "texture": "#1", "uv": [ 0.0, 0.0, 4.0, 4.0 ] }
            }
        },
        {
            "name": "Cube",
            "from": [ 7.0, 2.0, 3.0 ], 
            "to": [ 9.0, 9.0, 4.0 ], 
            "rotation": { "origin": [ 8.0, 8.0, 8.0 ], "axis": "x", "angle": -22.5 },
            "faces": {
                "north": { "texture": "#1", "uv": [ 0.0, 0.0, 2.0, 7.0 ] },
                "east": { "texture": "#1", "uv": [ 0.0, 0.0, 1.0, 7.0 ] },
                "south": { "texture": "#1", "uv": [ 0.0, 0.0, 2.0, 7.0 ] },
                "west": { "texture": "#1", "uv": [ 0.0, 0.0, 1.0, 7.0 ] },
                "up": { "texture": "#1", "uv": [ 0.0, 0.0, 2.0, 1.0 ] },
                "down": { "texture": "#1", "uv": [ 0.0, 0.0, 2.0, 1.0 ] }
            }
        },
        {
            "name": "Cube",
            "from": [ 7.0, 5.0, 4.0 ], 
            "to": [ 9.0, 9.0, 5.0 ], 
            "rotation": { "origin": [ 8.0, 8.0, 8.0 ], "axis": "x", "angle": 22.5 },
            "faces": {
                "north": { "texture": "#1", "uv": [ 0.0, 0.0, 2.0, 4.0 ] },
                "east": { "texture": "#1", "uv": [ 0.0, 0.0, 1.0, 4.0 ] },
                "south": { "texture": "#1", "uv": [ 0.0, 0.0, 2.0, 4.0 ] },
                "west": { "texture": "#1", "uv": [ 0.0, 0.0, 1.0, 4.0 ] },
                "up": { "texture": "#1", "uv": [ 0.0, 0.0, 2.0, 1.0 ] },
                "down": { "texture": "#1", "uv": [ 0.0, 0.0, 2.0, 1.0 ] }
            }
        },
        {
            "name": "Cube",
            "from": [ 5.0, 6.0, 4.0 ], 
            "to": [ 11.0, 7.0, 9.0 ], 
            "faces": {
                "north": { "texture": "#0", "uv": [ 0.0, 0.0, 6.0, 1.0 ] },
                "east": { "texture": "#0", "uv": [ 0.0, 0.0, 5.0, 1.0 ] },
                "south": { "texture": "#0", "uv": [ 0.0, 0.0, 6.0, 1.0 ] },
                "west": { "texture": "#0", "uv": [ 0.0, 0.0, 5.0, 1.0 ] },
                "up": { "texture": "#0", "uv": [ 0.0, 0.0, 6.0, 5.0 ] },
                "down": { "texture": "#0", "uv": [ 0.0, 0.0, 6.0, 5.0 ] }
            }
        },
        {
            "name": "Cube",
            "from": [ 6.0, 9.0, 5.0 ], 
            "to": [ 10.0, 11.0, 8.0 ], 
            "faces": {
                "north": { "texture": "#0", "uv": [ 0.0, 0.0, 4.0, 2.0 ] },
                "east": { "texture": "#0", "uv": [ 0.0, 0.0, 3.0, 2.0 ] },
                "south": { "texture": "#0", "uv": [ 0.0, 0.0, 4.0, 2.0 ] },
                "west": { "texture": "#0", "uv": [ 0.0, 0.0, 3.0, 2.0 ] },
                "up": { "texture": "#0", "uv": [ 0.0, 0.0, 4.0, 3.0 ] },
                "down": { "texture": "#0", "uv": [ 0.0, 0.0, 4.0, 3.0 ] }
            }
        },
        {
            "name": "Cube",
            "from": [ 7.0, 8.0, 6.0 ], 
            "to": [ 9.0, 9.0, 7.0 ], 
            "faces": {
                "north": { "texture": "#3", "uv": [ 0.0, 0.0, 2.0, 1.0 ] },
                "east": { "texture": "#3", "uv": [ 0.0, 0.0, 1.0, 1.0 ] },
                "south": { "texture": "#3", "uv": [ 0.0, 0.0, 2.0, 1.0 ] },
                "west": { "texture": "#3", "uv": [ 0.0, 0.0, 1.0, 1.0 ] },
                "up": { "texture": "#3", "uv": [ 0.0, 0.0, 2.0, 1.0 ] },
                "down": { "texture": "#3", "uv": [ 0.0, 0.0, 2.0, 1.0 ] }
            }
        },
        {
            "name": "Cube",
            "from": [ 7.0, 9.0, 6.0 ], 
            "to": [ 9.0, 12.0, 7.0 ], 
            "rotation": { "origin": [ 8.0, 8.0, 8.0 ], "axis": "x", "angle": 22.5 },
            "faces": {
                "north": { "texture": "#1", "uv": [ 0.0, 0.0, 2.0, 3.0 ] },
                "east": { "texture": "#1", "uv": [ 0.0, 0.0, 1.0, 3.0 ] },
                "south": { "texture": "#1", "uv": [ 0.0, 0.0, 2.0, 3.0 ] },
                "west": { "texture": "#1", "uv": [ 0.0, 0.0, 1.0, 3.0 ] },
                "up": { "texture": "#1", "uv": [ 0.0, 0.0, 2.0, 1.0 ] },
                "down": { "texture": "#1", "uv": [ 0.0, 0.0, 2.0, 1.0 ] }
            }
        }
    ]
}